shot_id_number,is_goal
1,0.1
8,0.1
17,0.1
20,0.1
33,0.1
34,0.1
35,0.1
36,0.1
37,0.1
38,0.1
45,0.1
50,0.1
55,0.1
60,0.1
66,0.1
67,0.1
71,0.1
80,0.1
85,0.1
86,0.1
95,0.1
104,0.1
113,0.1
123,0.1
126,0.1
133,0.1
141,0.1
144,0.1
150,0.1
152,0.1
153,0.1
156,0.1
159,0.1
165,0.1
172,0.1
182,0.1
192,0.1
193,0.1
196,0.1
202,0.1
210,0.1
211,0.1
228,0.1
257,0.1
260,0.1
264,0.1
267,0.1
279,0.1
282,0.1
293,0.1
299,0.1
300,0.1
301,0.1
317,0.1
327,0.1
328,0.1
335,0.1
346,0.1
348,0.1
365,0.1
390,0.1
391,0.1
392,0.1
397,0.1
418,0.1
428,0.1
434,0.1
439,0.1
440,0.1
456,0.1
459,0.1
472,0.1
480,0.1
491,0.1
497,0.1
509,0.1
511,0.1
523,0.1
533,0.1
544,0.1
546,0.1
555,0.1
558,0.1
560,0.1
573,0.1
591,0.1
596,0.1
597,0.1
601,0.1
605,0.1
617,0.1
628,0.1
634,0.1
646,0.1
649,0.1
651,0.1
654,0.1
656,0.1
657,0.1
669,0.1
670,0.1
693,0.1
694,0.1
699,0.1
711,0.1
718,0.1
722,0.1
723,0.1
725,0.1
734,0.1
735,0.1
737,0.1
746,0.1
747,0.1
766,0.1
767,0.1
771,0.1
773,0.1
774,0.1
783,0.1
784,0.1
789,0.1
792,0.1
804,0.1
809,0.1
812,0.1
813,0.1
817,0.1
820,0.1
825,0.1
826,0.1
829,0.1
855,0.1
859,0.1
862,0.1
870,0.1
876,0.1
880,0.1
886,0.1
889,0.1
891,0.1
897,0.1
902,0.1
903,0.1
908,0.1
909,0.1
920,0.1
922,0.1
924,0.1
932,0.1
934,0.1
937,0.1
941,0.1
943,0.1
950,0.1
952,0.1
954,0.1
963,0.1
975,0.1
979,0.1
981,0.1
983,0.1
985,0.1
989,0.1
995,0.1
998,0.1
1008,0.1
1019,0.1
1023,0.1
1026,0.1
1029,0.1
1034,0.1
1036,0.1
1038,0.1
1039,0.1
1051,0.1
1052,0.1
1066,0.1
1087,0.1
1092,0.1
1094,0.1
1098,0.1
1099,0.1
1102,0.1
1118,0.1
1131,0.1
1133,0.1
1135,0.1
1138,0.1
1139,0.1
1142,0.1
1151,0.1
1152,0.1
1155,0.1
1165,0.1
1167,0.1
1172,0.1
1174,0.1
1180,0.1
1200,0.1
1202,0.1
1227,0.1
1228,0.1
1229,0.1
1237,0.1
1241,0.1
1256,0.1
1279,0.1
1293,0.1
1295,0.1
1319,0.1
1320,0.1
1321,0.1
1322,0.1
1334,0.1
1351,0.1
1373,0.1
1375,0.1
1380,0.1
1382,0.1
1385,0.1
1399,0.1
1403,0.1
1428,0.1
1434,0.1
1444,0.1
1448,0.1
1466,0.1
1476,0.1
1478,0.1
1485,0.1
1491,0.1
1494,0.1
1500,0.1
1501,0.1
1503,0.1
1519,0.1
1524,0.1
1529,0.1
1533,0.1
1538,0.1
1539,0.1
1546,0.1
1555,0.1
1559,0.1
1563,0.1
1565,0.1
1574,0.1
1591,0.1
1594,0.1
1605,0.1
1611,0.1
1614,0.1
1620,0.1
1626,0.1
1630,0.1
1632,0.1
1634,0.1
1643,0.1
1651,0.1
1655,0.1
1658,0.1
1659,0.1
1665,0.1
1675,0.1
1680,0.1
1690,0.1
1696,0.1
1714,0.1
1721,0.1
1726,0.1
1728,0.1
1734,0.1
1735,0.1
1740,0.1
1744,0.1
1747,0.1
1752,0.1
1763,0.1
1765,0.1
1769,0.1
1785,0.1
1787,0.1
1788,0.1
1793,0.1
1800,0.1
1825,0.1
1826,0.1
1834,0.1
1843,0.1
1844,0.1
1848,0.1
1849,0.1
1860,0.1
1863,0.1
1875,0.1
1883,0.1
1890,0.1
1892,0.1
1893,0.1
1897,0.1
1905,0.1
1908,0.1
1931,0.1
1940,0.1
1943,0.1
1947,0.1
1965,0.1
1967,0.1
1968,0.1
1972,0.1
1982,0.1
1985,0.1
2005,0.1
2010,0.1
2021,0.1
2024,0.1
2036,0.1
2043,0.1
2047,0.1
2049,0.1
2055,0.1
2065,0.1
2066,0.1
2070,0.1
2077,0.1
2085,0.1
2095,0.1
2097,0.1
2108,0.1
2112,0.1
2113,0.1
2122,0.1
2139,0.1
2144,0.1
2146,0.1
2148,0.1
2149,0.1
2157,0.1
2159,0.1
2168,0.1
2176,0.1
2178,0.1
2181,0.1
2187,0.1
2188,0.1
2190,0.1
2194,0.1
2197,0.1
2214,0.1
2217,0.1
2222,0.1
2223,0.1
2226,0.1
2230,0.1
2240,0.1
2247,0.1
2250,0.1
2259,0.1
2262,0.1
2266,0.1
2305,0.1
2310,0.1
2313,0.1
2319,0.1
2320,0.1
2345,0.1
2350,0.1
2356,0.1
2360,0.1
2370,0.1
2386,0.1
2398,0.1
2414,0.1
2435,0.1
2439,0.1
2446,0.1
2458,0.1
2465,0.1
2466,0.1
2470,0.1
2495,0.1
2501,0.1
2507,0.1
2533,0.1
2537,0.1
2538,0.1
2541,0.1
2542,0.1
2544,0.1
2554,0.1
2555,0.1
2565,0.1
2575,0.1
2586,0.1
2588,0.1
2594,0.1
2617,0.1
2618,0.1
2623,0.1
2631,0.1
2640,0.1
2642,0.1
2647,0.1
2663,0.1
2664,0.1
2676,0.1
2680,0.1
2681,0.1
2691,0.1
2693,0.1
2695,0.1
2704,0.1
2708,0.1
2709,0.1
2717,0.1
2722,0.1
2728,0.1
2732,0.1
2743,0.1
2752,0.1
2757,0.1
2761,0.1
2769,0.1
2771,0.1
2774,0.1
2776,0.1
2781,0.1
2793,0.1
2799,0.1
2803,0.1
2811,0.1
2818,0.1
2824,0.1
2828,0.1
2829,0.1
2830,0.1
2842,0.1
2847,0.1
2848,0.1
2868,0.1
2870,0.1
2885,0.1
2886,0.1
2889,0.1
2903,0.1
2904,0.1
2918,0.1
2919,0.1
2922,0.1
2923,0.1
2931,0.1
2945,0.1
2955,0.1
2957,0.1
2960,0.1
2963,0.1
2966,0.1
2972,0.1
2974,0.1
2982,0.1
2984,0.1
3016,0.1
3021,0.1
3023,0.1
3025,0.1
3029,0.1
3034,0.1
3038,0.1
3040,0.1
3051,0.1
3062,0.1
3069,0.1
3071,0.1
3076,0.1
3079,0.1
3081,0.1
3082,0.1
3084,0.1
3098,0.1
3104,0.1
3105,0.1
3114,0.1
3118,0.1
3122,0.1
3132,0.1
3138,0.1
3141,0.1
3156,0.1
3162,0.1
3167,0.1
3170,0.1
3171,0.1
3172,0.1
3176,0.1
3180,0.1
3189,0.1
3198,0.1
3206,0.1
3215,0.1
3222,0.1
3228,0.1
3229,0.1
3232,0.1
3233,0.1
3238,0.1
3256,0.1
3264,0.1
3273,0.1
3275,0.1
3285,0.1
3289,0.1
3294,0.1
3306,0.1
3311,0.1
3318,0.1
3322,0.1
3324,0.1
3334,0.1
3341,0.1
3345,0.1
3346,0.1
3352,0.1
3368,0.1
3371,0.1
3372,0.1
3375,0.1
3384,0.1
3387,0.1
3393,0.1
3406,0.1
3411,0.1
3412,0.1
3414,0.1
3417,0.1
3420,0.1
3423,0.1
3436,0.1
3438,0.1
3442,0.1
3443,0.1
3451,0.1
3461,0.1
3489,0.1
3491,0.1
3510,0.1
3515,0.1
3527,0.1
3530,0.1
3540,0.1
3582,0.1
3604,0.1
3605,0.1
3609,0.1
3624,0.1
3628,0.1
3630,0.1
3641,0.1
3642,0.1
3648,0.1
3650,0.1
3652,0.1
3660,0.1
3664,0.1
3670,0.1
3672,0.1
3680,0.1
3682,0.1
3685,0.1
3686,0.1
3689,0.1
3705,0.1
3712,0.1
3713,0.1
3719,0.1
3721,0.1
3723,0.1
3724,0.1
3727,0.1
3733,0.1
3734,0.1
3742,0.1
3770,0.1
3777,0.1
3778,0.1
3780,0.1
3783,0.1
3784,0.1
3788,0.1
3790,0.1
3794,0.1
3795,0.1
3796,0.1
3801,0.1
3806,0.1
3813,0.1
3814,0.1
3818,0.1
3824,0.1
3836,0.1
3853,0.1
3855,0.1
3858,0.1
3861,0.1
3866,0.1
3870,0.1
3874,0.1
3876,0.1
3878,0.1
3890,0.1
3900,0.1
3904,0.1
3906,0.1
3907,0.1
3908,0.1
3912,0.1
3918,0.1
3923,0.1
3924,0.1
3925,0.1
3927,0.1
3955,0.1
3964,0.1
3969,0.1
3974,0.1
3976,0.1
3984,0.1
3991,0.1
3993,0.1
4009,0.1
4011,0.1
4020,0.1
4033,0.1
4041,0.1
4045,0.1
4052,0.1
4055,0.1
4056,0.1
4057,0.1
4067,0.1
4069,0.1
4077,0.1
4094,0.1
4095,0.1
4100,0.1
4119,0.1
4130,0.1
4131,0.1
4132,0.1
4134,0.1
4137,0.1
4138,0.1
4143,0.1
4145,0.1
4148,0.1
4163,0.1
4166,0.1
4169,0.1
4170,0.1
4174,0.1
4180,0.1
4199,0.1
4201,0.1
4203,0.1
4210,0.1
4211,0.1
4213,0.1
4225,0.1
4235,0.1
4242,0.1
4245,0.1
4250,0.1
4252,0.1
4254,0.1
4263,0.1
4264,0.1
4268,0.1
4270,0.1
4282,0.1
4283,0.1
4291,0.1
4304,0.1
4306,0.1
4309,0.1
4310,0.1
4313,0.1
4314,0.1
4315,0.1
4321,0.1
4324,0.1
4325,0.1
4328,0.1
4329,0.1
4332,0.1
4337,0.1
4342,0.1
4344,0.1
4352,0.1
4355,0.1
4366,0.1
4371,0.1
4372,0.1
4376,0.1
4384,0.1
4387,0.1
4389,0.1
4390,0.1
4406,0.1
4407,0.1
4409,0.1
4410,0.1
4424,0.1
4434,0.1
4452,0.1
4460,0.1
4470,0.1
4480,0.1
4496,0.1
4503,0.1
4512,0.1
4518,0.1
4519,0.1
4522,0.1
4525,0.1
4537,0.1
4546,0.1
4547,0.1
4553,0.1
4556,0.1
4558,0.1
4563,0.1
4568,0.1
4574,0.1
4578,0.1
4587,0.1
4592,0.1
4610,0.1
4615,0.1
4619,0.1
4620,0.1
4625,0.1
4635,0.1
4636,0.1
4641,0.1
4650,0.1
4653,0.1
4665,0.1
4668,0.1
4669,0.1
4670,0.1
4674,0.1
4675,0.1
4676,0.1
4679,0.1
4680,0.1
4686,0.1
4699,0.1
4713,0.1
4718,0.1
4721,0.1
4722,0.1
4724,0.1
4730,0.1
4731,0.1
4735,0.1
4743,0.1
4745,0.1
4746,0.1
4747,0.1
4748,0.1
4769,0.1
4771,0.1
4774,0.1
4784,0.1
4797,0.1
4801,0.1
4804,0.1
4820,0.1
4833,0.1
4834,0.1
4851,0.1
4859,0.1
4860,0.1
4863,0.1
4873,0.1
4881,0.1
4892,0.1
4908,0.1
4911,0.1
4915,0.1
4922,0.1
4929,0.1
4936,0.1
4939,0.1
4951,0.1
4956,0.1
4961,0.1
4964,0.1
4981,0.1
4991,0.1
4992,0.1
4997,0.1
5004,0.1
5010,0.1
5012,0.1
5015,0.1
5020,0.1
5030,0.1
5051,0.1
5052,0.1
5057,0.1
5058,0.1
5060,0.1
5061,0.1
5064,0.1
5078,0.1
5080,0.1
5088,0.1
5089,0.1
5090,0.1
5103,0.1
5108,0.1
5114,0.1
5115,0.1
5124,0.1
5137,0.1
5139,0.1
5144,0.1
5149,0.1
5157,0.1
5163,0.1
5174,0.1
5176,0.1
5179,0.1
5186,0.1
5203,0.1
5204,0.1
5206,0.1
5207,0.1
5220,0.1
5221,0.1
5224,0.1
5227,0.1
5229,0.1
5232,0.1
5240,0.1
5242,0.1
5243,0.1
5245,0.1
5248,0.1
5249,0.1
5254,0.1
5269,0.1
5272,0.1
5276,0.1
5286,0.1
5290,0.1
5308,0.1
5316,0.1
5318,0.1
5319,0.1
5320,0.1
5322,0.1
5324,0.1
5331,0.1
5336,0.1
5344,0.1
5354,0.1
5356,0.1
5358,0.1
5361,0.1
5365,0.1
5370,0.1
5376,0.1
5383,0.1
5384,0.1
5385,0.1
5393,0.1
5397,0.1
5398,0.1
5402,0.1
5407,0.1
5409,0.1
5425,0.1
5428,0.1
5430,0.1
5442,0.1
5447,0.1
5470,0.1
5485,0.1
5493,0.1
5502,0.1
5504,0.1
5517,0.1
5522,0.1
5527,0.1
5528,0.1
5536,0.1
5545,0.1
5576,0.1
5577,0.1
5592,0.1
5594,0.1
5595,0.1
5596,0.1
5599,0.1
5606,0.1
5617,0.1
5625,0.1
5626,0.1
5627,0.1
5642,0.1
5659,0.1
5664,0.1
5666,0.1
5671,0.1
5674,0.1
5677,0.1
5681,0.1
5683,0.1
5700,0.1
5713,0.1
5715,0.1
5718,0.1
5726,0.1
5738,0.1
5741,0.1
5743,0.1
5753,0.1
5761,0.1
5789,0.1
5797,0.1
5803,0.1
5810,0.1
5813,0.1
5817,0.1
5818,0.1
5822,0.1
5829,0.1
5846,0.1
5847,0.1
5854,0.1
5858,0.1
5863,0.1
5869,0.1
5870,0.1
5876,0.1
5881,0.1
5901,0.1
5922,0.1
5928,0.1
5933,0.1
5934,0.1
5946,0.1
5951,0.1
5955,0.1
5956,0.1
5965,0.1
5972,0.1
5981,0.1
5997,0.1
6005,0.1
6009,0.1
6010,0.1
6015,0.1
6039,0.1
6047,0.1
6051,0.1
6056,0.1
6061,0.1
6064,0.1
6065,0.1
6070,0.1
6085,0.1
6086,0.1
6091,0.1
6097,0.1
6099,0.1
6104,0.1
6108,0.1
6109,0.1
6124,0.1
6142,0.1
6144,0.1
6150,0.1
6154,0.1
6155,0.1
6156,0.1
6158,0.1
6159,0.1
6169,0.1
6170,0.1
6179,0.1
6184,0.1
6186,0.1
6204,0.1
6230,0.1
6231,0.1
6232,0.1
6235,0.1
6237,0.1
6239,0.1
6263,0.1
6265,0.1
6270,0.1
6271,0.1
6278,0.1
6279,0.1
6288,0.1
6294,0.1
6295,0.1
6302,0.1
6306,0.1
6322,0.1
6324,0.1
6327,0.1
6331,0.1
6334,0.1
6338,0.1
6339,0.1
6362,0.1
6372,0.1
6375,0.1
6393,0.1
6394,0.1
6405,0.1
6406,0.1
6416,0.1
6421,0.1
6422,0.1
6440,0.1
6457,0.1
6460,0.1
6463,0.1
6474,0.1
6476,0.1
6477,0.1
6482,0.1
6488,0.1
6489,0.1
6494,0.1
6499,0.1
6507,0.1
6524,0.1
6527,0.1
6531,0.1
6536,0.1
6538,0.1
6542,0.1
6565,0.1
6584,0.1
6588,0.1
6597,0.1
6603,0.1
6609,0.1
6613,0.1
6622,0.1
6630,0.1
6637,0.1
6639,0.1
6640,0.1
6646,0.1
6647,0.1
6648,0.1
6669,0.1
6680,0.1
6681,0.1
6684,0.1
6693,0.1
6694,0.1
6704,0.1
6706,0.1
6710,0.1
6713,0.1
6718,0.1
6732,0.1
6737,0.1
6739,0.1
6742,0.1
6746,0.1
6753,0.1
6771,0.1
6784,0.1
6790,0.1
6795,0.1
6807,0.1
6808,0.1
6818,0.1
6823,0.1
6830,0.1
6831,0.1
6832,0.1
6836,0.1
6846,0.1
6850,0.1
6854,0.1
6868,0.1
6876,0.1
6877,0.1
6881,0.1
6882,0.1
6884,0.1
6886,0.1
6901,0.1
6910,0.1
6913,0.1
6914,0.1
6918,0.1
6930,0.1
6941,0.1
6944,0.1
6945,0.1
6947,0.1
6949,0.1
6952,0.1
6963,0.1
6964,0.1
6972,0.1
6979,0.1
6981,0.1
6988,0.1
6990,0.1
6998,0.1
7004,0.1
7016,0.1
7027,0.1
7042,0.1
7056,0.1
7061,0.1
7069,0.1
7071,0.1
7088,0.1
7099,0.1
7108,0.1
7121,0.1
7125,0.1
7136,0.1
7149,0.1
7150,0.1
7151,0.1
7167,0.1
7177,0.1
7178,0.1
7183,0.1
7186,0.1
7190,0.1
7201,0.1
7202,0.1
7207,0.1
7213,0.1
7224,0.1
7225,0.1
7233,0.1
7239,0.1
7246,0.1
7248,0.1
7261,0.1
7264,0.1
7266,0.1
7274,0.1
7279,0.1
7293,0.1
7315,0.1
7322,0.1
7326,0.1
7341,0.1
7363,0.1
7365,0.1
7371,0.1
7377,0.1
7393,0.1
7405,0.1
7410,0.1
7434,0.1
7438,0.1
7447,0.1
7450,0.1
7452,0.1
7453,0.1
7455,0.1
7456,0.1
7457,0.1
7466,0.1
7470,0.1
7474,0.1
7487,0.1
7488,0.1
7492,0.1
7496,0.1
7501,0.1
7505,0.1
7512,0.1
7526,0.1
7536,0.1
7538,0.1
7539,0.1
7544,0.1
7554,0.1
7564,0.1
7566,0.1
7580,0.1
7581,0.1
7584,0.1
7587,0.1
7589,0.1
7590,0.1
7594,0.1
7597,0.1
7602,0.1
7603,0.1
7605,0.1
7609,0.1
7613,0.1
7619,0.1
7625,0.1
7626,0.1
7636,0.1
7639,0.1
7641,0.1
7643,0.1
7644,0.1
7657,0.1
7661,0.1
7666,0.1
7673,0.1
7683,0.1
7685,0.1
7699,0.1
7704,0.1
7705,0.1
7708,0.1
7728,0.1
7733,0.1
7741,0.1
7743,0.1
7745,0.1
7754,0.1
7756,0.1
7757,0.1
7770,0.1
7773,0.1
7774,0.1
7776,0.1
7777,0.1
7778,0.1
7781,0.1
7784,0.1
7789,0.1
7794,0.1
7799,0.1
7801,0.1
7818,0.1
7823,0.1
7828,0.1
7832,0.1
7839,0.1
7851,0.1
7856,0.1
7868,0.1
7869,0.1
7872,0.1
7874,0.1
7878,0.1
7888,0.1
7913,0.1
7923,0.1
7925,0.1
7926,0.1
7938,0.1
7942,0.1
7945,0.1
7954,0.1
7963,0.1
7969,0.1
7970,0.1
7977,0.1
7981,0.1
7990,0.1
8020,0.1
8023,0.1
8025,0.1
8034,0.1
8039,0.1
8046,0.1
8051,0.1
8055,0.1
8060,0.1
8063,0.1
8073,0.1
8074,0.1
8076,0.1
8080,0.1
8088,0.1
8102,0.1
8103,0.1
8104,0.1
8105,0.1
8109,0.1
8115,0.1
8121,0.1
8126,0.1
8135,0.1
8153,0.1
8156,0.1
8160,0.1
8161,0.1
8162,0.1
8171,0.1
8181,0.1
8183,0.1
8185,0.1
8191,0.1
8203,0.1
8204,0.1
8207,0.1
8208,0.1
8209,0.1
8210,0.1
8225,0.1
8226,0.1
8231,0.1
8233,0.1
8244,0.1
8250,0.1
8261,0.1
8265,0.1
8278,0.1
8279,0.1
8280,0.1
8296,0.1
8299,0.1
8300,0.1
8301,0.1
8305,0.1
8327,0.1
8334,0.1
8349,0.1
8355,0.1
8361,0.1
8362,0.1
8364,0.1
8365,0.1
8375,0.1
8378,0.1
8380,0.1
8381,0.1
8387,0.1
8399,0.1
8402,0.1
8409,0.1
8433,0.1
8436,0.1
8442,0.1
8448,0.1
8464,0.1
8469,0.1
8474,0.1
8478,0.1
8482,0.1
8490,0.1
8510,0.1
8511,0.1
8527,0.1
8532,0.1
8533,0.1
8538,0.1
8541,0.1
8545,0.1
8553,0.1
8554,0.1
8555,0.1
8569,0.1
8586,0.1
8593,0.1
8600,0.1
8606,0.1
8607,0.1
8611,0.1
8613,0.1
8618,0.1
8630,0.1
8637,0.1
8650,0.1
8652,0.1
8661,0.1
8669,0.1
8673,0.1
8674,0.1
8678,0.1
8682,0.1
8688,0.1
8689,0.1
8695,0.1
8698,0.1
8703,0.1
8709,0.1
8716,0.1
8723,0.1
8737,0.1
8753,0.1
8773,0.1
8774,0.1
8778,0.1
8786,0.1
8794,0.1
8795,0.1
8800,0.1
8804,0.1
8808,0.1
8809,0.1
8817,0.1
8818,0.1
8825,0.1
8830,0.1
8833,0.1
8834,0.1
8836,0.1
8837,0.1
8844,0.1
8851,0.1
8861,0.1
8864,0.1
8865,0.1
8869,0.1
8873,0.1
8880,0.1
8884,0.1
8888,0.1
8889,0.1
8891,0.1
8893,0.1
8897,0.1
8905,0.1
8910,0.1
8918,0.1
8939,0.1
8940,0.1
8941,0.1
8944,0.1
8949,0.1
8950,0.1
8958,0.1
8967,0.1
8975,0.1
8979,0.1
8980,0.1
8991,0.1
8995,0.1
8996,0.1
8998,0.1
9000,0.1
9001,0.1
9002,0.1
9024,0.1
9026,0.1
9027,0.1
9034,0.1
9038,0.1
9050,0.1
9052,0.1
9054,0.1
9078,0.1
9097,0.1
9109,0.1
9112,0.1
9115,0.1
9125,0.1
9132,0.1
9136,0.1
9139,0.1
9140,0.1
9142,0.1
9143,0.1
9147,0.1
9159,0.1
9165,0.1
9172,0.1
9177,0.1
9179,0.1
9185,0.1
9196,0.1
9201,0.1
9209,0.1
9210,0.1
9212,0.1
9214,0.1
9240,0.1
9241,0.1
9244,0.1
9249,0.1
9250,0.1
9255,0.1
9258,0.1
9263,0.1
9266,0.1
9269,0.1
9272,0.1
9276,0.1
9290,0.1
9299,0.1
9303,0.1
9310,0.1
9311,0.1
9314,0.1
9315,0.1
9325,0.1
9328,0.1
9329,0.1
9332,0.1
9337,0.1
9353,0.1
9355,0.1
9356,0.1
9362,0.1
9364,0.1
9366,0.1
9387,0.1
9388,0.1
9396,0.1
9400,0.1
9406,0.1
9411,0.1
9416,0.1
9417,0.1
9423,0.1
9425,0.1
9426,0.1
9427,0.1
9429,0.1
9430,0.1
9434,0.1
9442,0.1
9458,0.1
9476,0.1
9481,0.1
9483,0.1
9484,0.1
9487,0.1
9488,0.1
9490,0.1
9502,0.1
9505,0.1
9509,0.1
9515,0.1
9516,0.1
9532,0.1
9539,0.1
9542,0.1
9549,0.1
9550,0.1
9553,0.1
9554,0.1
9561,0.1
9566,0.1
9571,0.1
9577,0.1
9584,0.1
9592,0.1
9596,0.1
9602,0.1
9603,0.1
9604,0.1
9608,0.1
9609,0.1
9613,0.1
9623,0.1
9630,0.1
9633,0.1
9648,0.1
9665,0.1
9668,0.1
9678,0.1
9679,0.1
9693,0.1
9718,0.1
9720,0.1
9744,0.1
9745,0.1
9746,0.1
9753,0.1
9758,0.1
9759,0.1
9763,0.1
9766,0.1
9767,0.1
9777,0.1
9781,0.1
9789,0.1
9790,0.1
9799,0.1
9802,0.1
9805,0.1
9807,0.1
9812,0.1
9818,0.1
9820,0.1
9822,0.1
9824,0.1
9834,0.1
9836,0.1
9847,0.1
9864,0.1
9869,0.1
9875,0.1
9880,0.1
9889,0.1
9894,0.1
9909,0.1
9915,0.1
9919,0.1
9920,0.1
9940,0.1
9946,0.1
9958,0.1
9959,0.1
9973,0.1
9976,0.1
9978,0.1
9982,0.1
9987,0.1
9988,0.1
9992,0.1
10000,0.1
10002,0.1
10005,0.1
10008,0.1
10009,0.1
10011,0.1
10021,0.1
10022,0.1
10053,0.1
10074,0.1
10076,0.1
10090,0.1
10092,0.1
10099,0.1
10102,0.1
10103,0.1
10106,0.1
10108,0.1
10113,0.1
10119,0.1
10122,0.1
10125,0.1
10140,0.1
10155,0.1
10159,0.1
10164,0.1
10175,0.1
10176,0.1
10178,0.1
10186,0.1
10200,0.1
10204,0.1
10206,0.1
10211,0.1
10212,0.1
10217,0.1
10220,0.1
10230,0.1
10234,0.1
10235,0.1
10239,0.1
10240,0.1
10242,0.1
10245,0.1
10246,0.1
10247,0.1
10250,0.1
10254,0.1
10257,0.1
10260,0.1
10261,0.1
10265,0.1
10273,0.1
10274,0.1
10277,0.1
10289,0.1
10290,0.1
10298,0.1
10301,0.1
10304,0.1
10305,0.1
10313,0.1
10320,0.1
10323,0.1
10328,0.1
10332,0.1
10336,0.1
10343,0.1
10348,0.1
10350,0.1
10351,0.1
10354,0.1
10372,0.1
10373,0.1
10380,0.1
10383,0.1
10396,0.1
10397,0.1
10399,0.1
10400,0.1
10401,0.1
10402,0.1
10403,0.1
10410,0.1
10412,0.1
10415,0.1
10424,0.1
10428,0.1
10432,0.1
10462,0.1
10477,0.1
10482,0.1
10484,0.1
10493,0.1
10495,0.1
10497,0.1
10516,0.1
10521,0.1
10522,0.1
10523,0.1
10528,0.1
10530,0.1
10532,0.1
10533,0.1
10543,0.1
10547,0.1
10552,0.1
10558,0.1
10571,0.1
10572,0.1
10574,0.1
10583,0.1
10600,0.1
10607,0.1
10608,0.1
10614,0.1
10630,0.1
10634,0.1
10635,0.1
10641,0.1
10643,0.1
10644,0.1
10648,0.1
10669,0.1
10675,0.1
10686,0.1
10704,0.1
10707,0.1
10722,0.1
10736,0.1
10764,0.1
10767,0.1
10776,0.1
10779,0.1
10781,0.1
10792,0.1
10797,0.1
10798,0.1
10801,0.1
10802,0.1
10805,0.1
10808,0.1
10810,0.1
10816,0.1
10817,0.1
10829,0.1
10843,0.1
10858,0.1
10866,0.1
10876,0.1
10887,0.1
10891,0.1
10896,0.1
10900,0.1
10905,0.1
10907,0.1
10917,0.1
10936,0.1
10947,0.1
10948,0.1
10951,0.1
10955,0.1
10969,0.1
10984,0.1
10987,0.1
10990,0.1
10992,0.1
10996,0.1
10997,0.1
10999,0.1
11000,0.1
11001,0.1
11010,0.1
11016,0.1
11018,0.1
11034,0.1
11039,0.1
11041,0.1
11047,0.1
11053,0.1
11055,0.1
11056,0.1
11065,0.1
11068,0.1
11070,0.1
11071,0.1
11072,0.1
11079,0.1
11091,0.1
11094,0.1
11112,0.1
11113,0.1
11128,0.1
11153,0.1
11154,0.1
11163,0.1
11179,0.1
11181,0.1
11206,0.1
11216,0.1
11221,0.1
11223,0.1
11228,0.1
11235,0.1
11237,0.1
11244,0.1
11256,0.1
11267,0.1
11272,0.1
11281,0.1
11285,0.1
11288,0.1
11291,0.1
11293,0.1
11297,0.1
11298,0.1
11299,0.1
11301,0.1
11309,0.1
11331,0.1
11332,0.1
11337,0.1
11343,0.1
11347,0.1
11348,0.1
11355,0.1
11368,0.1
11369,0.1
11371,0.1
11378,0.1
11384,0.1
11387,0.1
11393,0.1
11399,0.1
11412,0.1
11431,0.1
11432,0.1
11444,0.1
11450,0.1
11451,0.1
11476,0.1
11488,0.1
11495,0.1
11505,0.1
11508,0.1
11518,0.1
11522,0.1
11524,0.1
11533,0.1
11549,0.1
11551,0.1
11560,0.1
11563,0.1
11565,0.1
11567,0.1
11569,0.1
11598,0.1
11604,0.1
11611,0.1
11617,0.1
11626,0.1
11642,0.1
11643,0.1
11648,0.1
11651,0.1
11663,0.1
11666,0.1
11685,0.1
11686,0.1
11698,0.1
11708,0.1
11711,0.1
11718,0.1
11742,0.1
11761,0.1
11767,0.1
11768,0.1
11775,0.1
11779,0.1
11786,0.1
11790,0.1
11791,0.1
11796,0.1
11806,0.1
11810,0.1
11811,0.1
11814,0.1
11816,0.1
11820,0.1
11822,0.1
11829,0.1
11832,0.1
11834,0.1
11836,0.1
11837,0.1
11844,0.1
11847,0.1
11864,0.1
11865,0.1
11872,0.1
11873,0.1
11886,0.1
11894,0.1
11905,0.1
11906,0.1
11907,0.1
11912,0.1
11914,0.1
11918,0.1
11924,0.1
11929,0.1
11930,0.1
11936,0.1
11937,0.1
11954,0.1
11957,0.1
11964,0.1
11968,0.1
11972,0.1
11976,0.1
11979,0.1
11981,0.1
11983,0.1
11989,0.1
11991,0.1
11998,0.1
12003,0.1
12007,0.1
12011,0.1
12014,0.1
12024,0.1
12033,0.1
12034,0.1
12041,0.1
12046,0.1
12056,0.1
12064,0.1
12069,0.1
12070,0.1
12071,0.1
12072,0.1
12078,0.1
12091,0.1
12092,0.1
12094,0.1
12098,0.1
12103,0.1
12115,0.1
12118,0.1
12122,0.1
12125,0.1
12133,0.1
12137,0.1
12141,0.1
12143,0.1
12144,0.1
12154,0.1
12163,0.1
12170,0.1
12193,0.1
12196,0.1
12206,0.1
12209,0.1
12214,0.1
12228,0.1
12233,0.1
12238,0.1
12242,0.1
12245,0.1
12247,0.1
12251,0.1
12287,0.1
12292,0.1
12304,0.1
12317,0.1
12320,0.1
12323,0.1
12328,0.1
12333,0.1
12334,0.1
12335,0.1
12352,0.1
12358,0.1
12364,0.1
12376,0.1
12396,0.1
12402,0.1
12406,0.1
12408,0.1
12410,0.1
12413,0.1
12417,0.1
12424,0.1
12425,0.1
12426,0.1
12430,0.1
12432,0.1
12433,0.1
12451,0.1
12457,0.1
12465,0.1
12468,0.1
12474,0.1
12475,0.1
12486,0.1
12487,0.1
12514,0.1
12524,0.1
12526,0.1
12530,0.1
12532,0.1
12593,0.1
12599,0.1
12600,0.1
12603,0.1
12624,0.1
12630,0.1
12638,0.1
12641,0.1
12643,0.1
12656,0.1
12666,0.1
12673,0.1
12675,0.1
12678,0.1
12692,0.1
12693,0.1
12707,0.1
12711,0.1
12716,0.1
12717,0.1
12723,0.1
12738,0.1
12742,0.1
12746,0.1
12753,0.1
12758,0.1
12760,0.1
12763,0.1
12764,0.1
12768,0.1
12776,0.1
12777,0.1
12783,0.1
12804,0.1
12824,0.1
12839,0.1
12847,0.1
12850,0.1
12867,0.1
12883,0.1
12887,0.1
12890,0.1
12903,0.1
12906,0.1
12907,0.1
12909,0.1
12912,0.1
12915,0.1
12930,0.1
12931,0.1
12934,0.1
12951,0.1
12955,0.1
12973,0.1
12988,0.1
12999,0.1
13015,0.1
13026,0.1
13036,0.1
13039,0.1
13040,0.1
13041,0.1
13043,0.1
13057,0.1
13064,0.1
13068,0.1
13069,0.1
13073,0.1
13079,0.1
13086,0.1
13089,0.1
13093,0.1
13097,0.1
13098,0.1
13105,0.1
13107,0.1
13108,0.1
13110,0.1
13112,0.1
13114,0.1
13118,0.1
13127,0.1
13129,0.1
13142,0.1
13146,0.1
13149,0.1
13157,0.1
13158,0.1
13159,0.1
13161,0.1
13162,0.1
13166,0.1
13168,0.1
13170,0.1
13186,0.1
13191,0.1
13203,0.1
13209,0.1
13212,0.1
13213,0.1
13222,0.1
13229,0.1
13234,0.1
13257,0.1
13258,0.1
13268,0.1
13270,0.1
13291,0.1
13292,0.1
13299,0.1
13307,0.1
13309,0.1
13311,0.1
13312,0.1
13322,0.1
13324,0.1
13330,0.1
13338,0.1
13344,0.1
13348,0.1
13355,0.1
13365,0.1
13368,0.1
13370,0.1
13372,0.1
13377,0.1
13385,0.1
13389,0.1
13393,0.1
13395,0.1
13404,0.1
13411,0.1
13416,0.1
13434,0.1
13435,0.1
13445,0.1
13446,0.1
13451,0.1
13462,0.1
13464,0.1
13466,0.1
13471,0.1
13472,0.1
13477,0.1
13481,0.1
13484,0.1
13490,0.1
13492,0.1
13500,0.1
13508,0.1
13516,0.1
13525,0.1
13526,0.1
13530,0.1
13532,0.1
13538,0.1
13546,0.1
13548,0.1
13550,0.1
13551,0.1
13564,0.1
13566,0.1
13570,0.1
13580,0.1
13585,0.1
13588,0.1
13592,0.1
13594,0.1
13609,0.1
13610,0.1
13613,0.1
13625,0.1
13626,0.1
13639,0.1
13645,0.1
13647,0.1
13648,0.1
13652,0.1
13654,0.1
13664,0.1
13673,0.1
13684,0.1
13690,0.1
13693,0.1
13696,0.1
13700,0.1
13701,0.1
13707,0.1
13713,0.1
13714,0.1
13716,0.1
13720,0.1
13727,0.1
13733,0.1
13738,0.1
13757,0.1
13759,0.1
13761,0.1
13767,0.1
13782,0.1
13786,0.1
13787,0.1
13792,0.1
13795,0.1
13798,0.1
13807,0.1
13809,0.1
13811,0.1
13815,0.1
13817,0.1
13818,0.1
13822,0.1
13824,0.1
13829,0.1
13832,0.1
13840,0.1
13841,0.1
13868,0.1
13871,0.1
13880,0.1
13888,0.1
13890,0.1
13891,0.1
13895,0.1
13907,0.1
13910,0.1
13912,0.1
13913,0.1
13923,0.1
13929,0.1
13936,0.1
13946,0.1
13950,0.1
13951,0.1
13954,0.1
13958,0.1
13969,0.1
13980,0.1
13981,0.1
13986,0.1
13987,0.1
13989,0.1
13992,0.1
13994,0.1
14001,0.1
14002,0.1
14004,0.1
14006,0.1
14012,0.1
14021,0.1
14024,0.1
14045,0.1
14047,0.1
14057,0.1
14059,0.1
14060,0.1
14068,0.1
14070,0.1
14074,0.1
14076,0.1
14089,0.1
14115,0.1
14116,0.1
14128,0.1
14131,0.1
14134,0.1
14137,0.1
14138,0.1
14139,0.1
14152,0.1
14153,0.1
14155,0.1
14156,0.1
14164,0.1
14165,0.1
14171,0.1
14174,0.1
14181,0.1
14186,0.1
14192,0.1
14201,0.1
14210,0.1
14214,0.1
14231,0.1
14236,0.1
14241,0.1
14245,0.1
14249,0.1
14251,0.1
14262,0.1
14265,0.1
14267,0.1
14270,0.1
14276,0.1
14279,0.1
14281,0.1
14289,0.1
14290,0.1
14293,0.1
14295,0.1
14297,0.1
14298,0.1
14310,0.1
14312,0.1
14315,0.1
14318,0.1
14319,0.1
14325,0.1
14331,0.1
14334,0.1
14341,0.1
14343,0.1
14344,0.1
14346,0.1
14347,0.1
14349,0.1
14352,0.1
14358,0.1
14361,0.1
14363,0.1
14374,0.1
14376,0.1
14381,0.1
14398,0.1
14410,0.1
14412,0.1
14415,0.1
14423,0.1
14425,0.1
14436,0.1
14444,0.1
14455,0.1
14465,0.1
14469,0.1
14471,0.1
14475,0.1
14479,0.1
14480,0.1
14488,0.1
14491,0.1
14501,0.1
14520,0.1
14522,0.1
14523,0.1
14537,0.1
14538,0.1
14550,0.1
14561,0.1
14575,0.1
14586,0.1
14592,0.1
14601,0.1
14602,0.1
14604,0.1
14606,0.1
14627,0.1
14641,0.1
14652,0.1
14662,0.1
14665,0.1
14673,0.1
14675,0.1
14679,0.1
14683,0.1
14686,0.1
14705,0.1
14708,0.1
14709,0.1
14710,0.1
14715,0.1
14717,0.1
14723,0.1
14725,0.1
14727,0.1
14728,0.1
14735,0.1
14746,0.1
14752,0.1
14757,0.1
14762,0.1
14763,0.1
14797,0.1
14812,0.1
14818,0.1
14825,0.1
14827,0.1
14829,0.1
14830,0.1
14837,0.1
14849,0.1
14863,0.1
14869,0.1
14882,0.1
14884,0.1
14886,0.1
14888,0.1
14890,0.1
14904,0.1
14938,0.1
14952,0.1
14958,0.1
14963,0.1
14979,0.1
14980,0.1
14986,0.1
14988,0.1
15003,0.1
15006,0.1
15009,0.1
15015,0.1
15024,0.1
15030,0.1
15036,0.1
15038,0.1
15039,0.1
15047,0.1
15049,0.1
15056,0.1
15068,0.1
15070,0.1
15073,0.1
15081,0.1
15084,0.1
15088,0.1
15092,0.1
15095,0.1
15097,0.1
15098,0.1
15115,0.1
15120,0.1
15126,0.1
15133,0.1
15143,0.1
15156,0.1
15164,0.1
15178,0.1
15198,0.1
15200,0.1
15208,0.1
15214,0.1
15218,0.1
15231,0.1
15238,0.1
15239,0.1
15240,0.1
15249,0.1
15256,0.1
15260,0.1
15290,0.1
15307,0.1
15308,0.1
15321,0.1
15323,0.1
15325,0.1
15342,0.1
15346,0.1
15349,0.1
15354,0.1
15362,0.1
15379,0.1
15383,0.1
15394,0.1
15401,0.1
15405,0.1
15407,0.1
15412,0.1
15413,0.1
15415,0.1
15427,0.1
15430,0.1
15436,0.1
15439,0.1
15443,0.1
15444,0.1
15445,0.1
15450,0.1
15456,0.1
15465,0.1
15466,0.1
15470,0.1
15474,0.1
15476,0.1
15482,0.1
15492,0.1
15510,0.1
15519,0.1
15523,0.1
15535,0.1
15561,0.1
15564,0.1
15566,0.1
15579,0.1
15580,0.1
15581,0.1
15587,0.1
15589,0.1
15591,0.1
15597,0.1
15620,0.1
15627,0.1
15636,0.1
15653,0.1
15662,0.1
15664,0.1
15666,0.1
15667,0.1
15674,0.1
15692,0.1
15715,0.1
15736,0.1
15744,0.1
15746,0.1
15758,0.1
15760,0.1
15766,0.1
15767,0.1
15789,0.1
15810,0.1
15818,0.1
15820,0.1
15830,0.1
15844,0.1
15850,0.1
15857,0.1
15863,0.1
15869,0.1
15872,0.1
15873,0.1
15884,0.1
15885,0.1
15891,0.1
15898,0.1
15900,0.1
15932,0.1
15940,0.1
15944,0.1
15945,0.1
15963,0.1
15970,0.1
15977,0.1
15982,0.1
15985,0.1
15995,0.1
16004,0.1
16005,0.1
16011,0.1
16019,0.1
16021,0.1
16051,0.1
16065,0.1
16066,0.1
16076,0.1
16091,0.1
16094,0.1
16101,0.1
16104,0.1
16113,0.1
16114,0.1
16115,0.1
16127,0.1
16128,0.1
16138,0.1
16139,0.1
16142,0.1
16144,0.1
16148,0.1
16151,0.1
16156,0.1
16165,0.1
16166,0.1
16179,0.1
16193,0.1
16196,0.1
16198,0.1
16210,0.1
16232,0.1
16237,0.1
16240,0.1
16252,0.1
16259,0.1
16262,0.1
16263,0.1
16270,0.1
16272,0.1
16290,0.1
16295,0.1
16297,0.1
16299,0.1
16300,0.1
16302,0.1
16303,0.1
16305,0.1
16309,0.1
16312,0.1
16320,0.1
16326,0.1
16327,0.1
16338,0.1
16342,0.1
16346,0.1
16348,0.1
16355,0.1
16356,0.1
16378,0.1
16382,0.1
16391,0.1
16392,0.1
16395,0.1
16399,0.1
16403,0.1
16408,0.1
16413,0.1
16415,0.1
16417,0.1
16420,0.1
16431,0.1
16439,0.1
16444,0.1
16446,0.1
16451,0.1
16454,0.1
16461,0.1
16462,0.1
16469,0.1
16484,0.1
16486,0.1
16487,0.1
16491,0.1
16494,0.1
16507,0.1
16508,0.1
16519,0.1
16523,0.1
16526,0.1
16530,0.1
16532,0.1
16542,0.1
16550,0.1
16555,0.1
16558,0.1
16567,0.1
16576,0.1
16579,0.1
16595,0.1
16598,0.1
16600,0.1
16604,0.1
16605,0.1
16607,0.1
16610,0.1
16612,0.1
16617,0.1
16625,0.1
16632,0.1
16634,0.1
16650,0.1
16654,0.1
16655,0.1
16656,0.1
16657,0.1
16660,0.1
16662,0.1
16669,0.1
16675,0.1
16676,0.1
16678,0.1
16679,0.1
16693,0.1
16701,0.1
16715,0.1
16722,0.1
16724,0.1
16727,0.1
16735,0.1
16741,0.1
16752,0.1
16758,0.1
16765,0.1
16771,0.1
16785,0.1
16793,0.1
16800,0.1
16805,0.1
16809,0.1
16820,0.1
16827,0.1
16830,0.1
16843,0.1
16847,0.1
16855,0.1
16860,0.1
16862,0.1
16863,0.1
16872,0.1
16874,0.1
16876,0.1
16893,0.1
16895,0.1
16914,0.1
16917,0.1
16926,0.1
16930,0.1
16931,0.1
16932,0.1
16934,0.1
16937,0.1
16941,0.1
16942,0.1
16957,0.1
16962,0.1
16967,0.1
16968,0.1
16972,0.1
16974,0.1
16984,0.1
16987,0.1
16994,0.1
16995,0.1
16999,0.1
17034,0.1
17038,0.1
17040,0.1
17050,0.1
17068,0.1
17077,0.1
17079,0.1
17082,0.1
17085,0.1
17087,0.1
17099,0.1
17105,0.1
17108,0.1
17110,0.1
17111,0.1
17123,0.1
17124,0.1
17130,0.1
17138,0.1
17143,0.1
17157,0.1
17160,0.1
17166,0.1
17167,0.1
17179,0.1
17180,0.1
17189,0.1
17197,0.1
17219,0.1
17223,0.1
17225,0.1
17229,0.1
17234,0.1
17235,0.1
17239,0.1
17242,0.1
17243,0.1
17246,0.1
17247,0.1
17255,0.1
17258,0.1
17260,0.1
17264,0.1
17270,0.1
17271,0.1
17272,0.1
17285,0.1
17294,0.1
17297,0.1
17298,0.1
17299,0.1
17306,0.1
17324,0.1
17326,0.1
17330,0.1
17345,0.1
17351,0.1
17352,0.1
17372,0.1
17381,0.1
17385,0.1
17388,0.1
17390,0.1
17392,0.1
17399,0.1
17404,0.1
17407,0.1
17408,0.1
17416,0.1
17418,0.1
17434,0.1
17438,0.1
17443,0.1
17444,0.1
17453,0.1
17460,0.1
17467,0.1
17480,0.1
17488,0.1
17490,0.1
17493,0.1
17498,0.1
17503,0.1
17513,0.1
17520,0.1
17525,0.1
17534,0.1
17545,0.1
17553,0.1
17554,0.1
17557,0.1
17563,0.1
17576,0.1
17577,0.1
17580,0.1
17582,0.1
17596,0.1
17597,0.1
17602,0.1
17614,0.1
17623,0.1
17624,0.1
17627,0.1
17628,0.1
17630,0.1
17634,0.1
17640,0.1
17652,0.1
17657,0.1
17661,0.1
17662,0.1
17666,0.1
17682,0.1
17688,0.1
17693,0.1
17705,0.1
17711,0.1
17715,0.1
17717,0.1
17721,0.1
17728,0.1
17737,0.1
17745,0.1
17755,0.1
17764,0.1
17774,0.1
17785,0.1
17786,0.1
17789,0.1
17802,0.1
17810,0.1
17819,0.1
17825,0.1
17828,0.1
17833,0.1
17841,0.1
17842,0.1
17844,0.1
17849,0.1
17855,0.1
17857,0.1
17861,0.1
17863,0.1
17868,0.1
17876,0.1
17882,0.1
17885,0.1
17893,0.1
17894,0.1
17902,0.1
17906,0.1
17911,0.1
17917,0.1
17921,0.1
17941,0.1
17945,0.1
17949,0.1
17954,0.1
17957,0.1
17958,0.1
17960,0.1
17985,0.1
18000,0.1
18002,0.1
18008,0.1
18014,0.1
18015,0.1
18019,0.1
18021,0.1
18026,0.1
18029,0.1
18034,0.1
18035,0.1
18036,0.1
18039,0.1
18066,0.1
18076,0.1
18089,0.1
18104,0.1
18110,0.1
18129,0.1
18131,0.1
18133,0.1
18136,0.1
18148,0.1
18152,0.1
18167,0.1
18177,0.1
18178,0.1
18183,0.1
18194,0.1
18197,0.1
18213,0.1
18214,0.1
18221,0.1
18227,0.1
18239,0.1
18245,0.1
18266,0.1
18267,0.1
18274,0.1
18283,0.1
18297,0.1
18302,0.1
18303,0.1
18315,0.1
18324,0.1
18326,0.1
18334,0.1
18336,0.1
18344,0.1
18346,0.1
18347,0.1
18350,0.1
18352,0.1
18364,0.1
18366,0.1
18373,0.1
18391,0.1
18393,0.1
18395,0.1
18400,0.1
18408,0.1
18421,0.1
18425,0.1
18443,0.1
18451,0.1
18456,0.1
18458,0.1
18460,0.1
18467,0.1
18468,0.1
18475,0.1
18485,0.1
18494,0.1
18495,0.1
18508,0.1
18530,0.1
18533,0.1
18547,0.1
18548,0.1
18553,0.1
18561,0.1
18565,0.1
18572,0.1
18593,0.1
18600,0.1
18621,0.1
18629,0.1
18637,0.1
18649,0.1
18653,0.1
18660,0.1
18671,0.1
18672,0.1
18677,0.1
18681,0.1
18684,0.1
18686,0.1
18689,0.1
18690,0.1
18709,0.1
18716,0.1
18723,0.1
18773,0.1
18782,0.1
18797,0.1
18810,0.1
18817,0.1
18820,0.1
18825,0.1
18837,0.1
18850,0.1
18857,0.1
18861,0.1
18867,0.1
18870,0.1
18877,0.1
18887,0.1
18898,0.1
18900,0.1
18914,0.1
18921,0.1
18922,0.1
18945,0.1
18947,0.1
18953,0.1
18954,0.1
18957,0.1
18960,0.1
18973,0.1
18983,0.1
18990,0.1
18991,0.1
18993,0.1
18995,0.1
18996,0.1
19003,0.1
19014,0.1
19015,0.1
19019,0.1
19028,0.1
19038,0.1
19040,0.1
19046,0.1
19051,0.1
19054,0.1
19056,0.1
19074,0.1
19085,0.1
19099,0.1
19124,0.1
19134,0.1
19141,0.1
19146,0.1
19150,0.1
19170,0.1
19176,0.1
19187,0.1
19189,0.1
19202,0.1
19208,0.1
19209,0.1
19210,0.1
19216,0.1
19217,0.1
19218,0.1
19223,0.1
19240,0.1
19246,0.1
19269,0.1
19275,0.1
19287,0.1
19298,0.1
19303,0.1
19313,0.1
19325,0.1
19326,0.1
19328,0.1
19330,0.1
19340,0.1
19342,0.1
19343,0.1
19344,0.1
19363,0.1
19364,0.1
19371,0.1
19376,0.1
19377,0.1
19381,0.1
19384,0.1
19390,0.1
19402,0.1
19405,0.1
19409,0.1
19418,0.1
19429,0.1
19446,0.1
19458,0.1
19460,0.1
19462,0.1
19465,0.1
19472,0.1
19480,0.1
19503,0.1
19507,0.1
19517,0.1
19533,0.1
19537,0.1
19541,0.1
19563,0.1
19566,0.1
19568,0.1
19576,0.1
19591,0.1
19597,0.1
19619,0.1
19622,0.1
19623,0.1
19624,0.1
19627,0.1
19629,0.1
19633,0.1
19639,0.1
19641,0.1
19643,0.1
19649,0.1
19652,0.1
19657,0.1
19660,0.1
19668,0.1
19678,0.1
19686,0.1
19690,0.1
19694,0.1
19695,0.1
19702,0.1
19712,0.1
19720,0.1
19735,0.1
19739,0.1
19740,0.1
19743,0.1
19750,0.1
19752,0.1
19754,0.1
19762,0.1
19770,0.1
19775,0.1
19777,0.1
19782,0.1
19783,0.1
19786,0.1
19805,0.1
19808,0.1
19819,0.1
19821,0.1
19827,0.1
19830,0.1
19832,0.1
19833,0.1
19834,0.1
19843,0.1
19844,0.1
19846,0.1
19847,0.1
19850,0.1
19851,0.1
19861,0.1
19873,0.1
19878,0.1
19886,0.1
19892,0.1
19901,0.1
19902,0.1
19920,0.1
19921,0.1
19922,0.1
19929,0.1
19932,0.1
19935,0.1
19936,0.1
19946,0.1
19950,0.1
19952,0.1
19955,0.1
19976,0.1
19983,0.1
19987,0.1
19991,0.1
19996,0.1
20007,0.1
20015,0.1
20019,0.1
20023,0.1
20034,0.1
20036,0.1
20038,0.1
20039,0.1
20040,0.1
20045,0.1
20046,0.1
20048,0.1
20060,0.1
20068,0.1
20074,0.1
20111,0.1
20117,0.1
20125,0.1
20129,0.1
20134,0.1
20135,0.1
20139,0.1
20142,0.1
20147,0.1
20154,0.1
20157,0.1
20169,0.1
20179,0.1
20202,0.1
20207,0.1
20215,0.1
20216,0.1
20217,0.1
20218,0.1
20219,0.1
20226,0.1
20236,0.1
20239,0.1
20246,0.1
20247,0.1
20253,0.1
20255,0.1
20268,0.1
20270,0.1
20271,0.1
20279,0.1
20282,0.1
20295,0.1
20302,0.1
20305,0.1
20306,0.1
20308,0.1
20330,0.1
20335,0.1
20344,0.1
20349,0.1
20360,0.1
20362,0.1
20378,0.1
20394,0.1
20397,0.1
20403,0.1
20405,0.1
20415,0.1
20417,0.1
20420,0.1
20425,0.1
20430,0.1
20435,0.1
20443,0.1
20446,0.1
20458,0.1
20459,0.1
20467,0.1
20470,0.1
20482,0.1
20489,0.1
20495,0.1
20496,0.1
20497,0.1
20505,0.1
20509,0.1
20535,0.1
20539,0.1
20544,0.1
20547,0.1
20556,0.1
20557,0.1
20575,0.1
20577,0.1
20596,0.1
20597,0.1
20602,0.1
20603,0.1
20609,0.1
20618,0.1
20621,0.1
20628,0.1
20634,0.1
20637,0.1
20641,0.1
20642,0.1
20647,0.1
20655,0.1
20656,0.1
20661,0.1
20664,0.1
20674,0.1
20679,0.1
20680,0.1
20683,0.1
20687,0.1
20688,0.1
20695,0.1
20696,0.1
20699,0.1
20701,0.1
20702,0.1
20704,0.1
20721,0.1
20725,0.1
20731,0.1
20741,0.1
20742,0.1
20753,0.1
20756,0.1
20769,0.1
20771,0.1
20774,0.1
20777,0.1
20781,0.1
20797,0.1
20808,0.1
20810,0.1
20820,0.1
20823,0.1
20829,0.1
20832,0.1
20833,0.1
20837,0.1
20838,0.1
20839,0.1
20847,0.1
20861,0.1
20869,0.1
20875,0.1
20877,0.1
20889,0.1
20894,0.1
20901,0.1
20919,0.1
20923,0.1
20935,0.1
20937,0.1
20939,0.1
20940,0.1
20943,0.1
20946,0.1
20950,0.1
20961,0.1
20965,0.1
20967,0.1
20969,0.1
20970,0.1
20975,0.1
20987,0.1
20995,0.1
20998,0.1
21002,0.1
21012,0.1
21013,0.1
21015,0.1
21017,0.1
21020,0.1
21028,0.1
21031,0.1
21036,0.1
21040,0.1
21048,0.1
21049,0.1
21051,0.1
21070,0.1
21072,0.1
21079,0.1
21090,0.1
21093,0.1
21104,0.1
21114,0.1
21117,0.1
21120,0.1
21121,0.1
21132,0.1
21136,0.1
21139,0.1
21140,0.1
21146,0.1
21150,0.1
21178,0.1
21180,0.1
21198,0.1
21203,0.1
21210,0.1
21218,0.1
21220,0.1
21222,0.1
21228,0.1
21236,0.1
21239,0.1
21260,0.1
21267,0.1
21271,0.1
21279,0.1
21286,0.1
21288,0.1
21294,0.1
21298,0.1
21299,0.1
21300,0.1
21304,0.1
21307,0.1
21309,0.1
21311,0.1
21331,0.1
21332,0.1
21342,0.1
21345,0.1
21348,0.1
21353,0.1
21357,0.1
21369,0.1
21370,0.1
21371,0.1
21373,0.1
21385,0.1
21392,0.1
21401,0.1
21403,0.1
21406,0.1
21413,0.1
21414,0.1
21416,0.1
21423,0.1
21442,0.1
21443,0.1
21448,0.1
21459,0.1
21467,0.1
21474,0.1
21484,0.1
21488,0.1
21495,0.1
21498,0.1
21502,0.1
21503,0.1
21510,0.1
21516,0.1
21533,0.1
21535,0.1
21539,0.1
21541,0.1
21544,0.1
21554,0.1
21569,0.1
21572,0.1
21578,0.1
21580,0.1
21584,0.1
21589,0.1
21595,0.1
21598,0.1
21599,0.1
21606,0.1
21623,0.1
21639,0.1
21641,0.1
21645,0.1
21647,0.1
21648,0.1
21657,0.1
21671,0.1
21673,0.1
21678,0.1
21696,0.1
21699,0.1
21700,0.1
21703,0.1
21710,0.1
21721,0.1
21727,0.1
21728,0.1
21731,0.1
21741,0.1
21744,0.1
21748,0.1
21753,0.1
21756,0.1
21763,0.1
21767,0.1
21772,0.1
21774,0.1
21775,0.1
21780,0.1
21787,0.1
21805,0.1
21828,0.1
21831,0.1
21837,0.1
21842,0.1
21849,0.1
21856,0.1
21858,0.1
21862,0.1
21864,0.1
21867,0.1
21879,0.1
21881,0.1
21883,0.1
21891,0.1
21892,0.1
21902,0.1
21909,0.1
21914,0.1
21918,0.1
21919,0.1
21926,0.1
21930,0.1
21934,0.1
21940,0.1
21945,0.1
21948,0.1
21953,0.1
21954,0.1
21956,0.1
21963,0.1
21970,0.1
21984,0.1
21997,0.1
21999,0.1
22001,0.1
22002,0.1
22010,0.1
22013,0.1
22022,0.1
22024,0.1
22028,0.1
22029,0.1
22045,0.1
22049,0.1
22064,0.1
22069,0.1
22074,0.1
22082,0.1
22084,0.1
22090,0.1
22096,0.1
22100,0.1
22105,0.1
22119,0.1
22130,0.1
22152,0.1
22155,0.1
22164,0.1
22173,0.1
22194,0.1
22209,0.1
22217,0.1
22220,0.1
22222,0.1
22244,0.1
22245,0.1
22250,0.1
22256,0.1
22261,0.1
22264,0.1
22270,0.1
22279,0.1
22280,0.1
22284,0.1
22288,0.1
22293,0.1
22297,0.1
22307,0.1
22310,0.1
22319,0.1
22324,0.1
22326,0.1
22327,0.1
22329,0.1
22331,0.1
22340,0.1
22342,0.1
22347,0.1
22351,0.1
22357,0.1
22361,0.1
22371,0.1
22373,0.1
22391,0.1
22404,0.1
22409,0.1
22411,0.1
22428,0.1
22436,0.1
22444,0.1
22445,0.1
22451,0.1
22463,0.1
22464,0.1
22467,0.1
22472,0.1
22485,0.1
22497,0.1
22504,0.1
22508,0.1
22516,0.1
22522,0.1
22527,0.1
22543,0.1
22549,0.1
22551,0.1
22557,0.1
22562,0.1
22567,0.1
22572,0.1
22575,0.1
22578,0.1
22579,0.1
22580,0.1
22581,0.1
22591,0.1
22593,0.1
22597,0.1
22600,0.1
22602,0.1
22603,0.1
22616,0.1
22617,0.1
22622,0.1
22623,0.1
22624,0.1
22628,0.1
22640,0.1
22641,0.1
22653,0.1
22660,0.1
22672,0.1
22674,0.1
22689,0.1
22698,0.1
22705,0.1
22709,0.1
22711,0.1
22714,0.1
22715,0.1
22729,0.1
22730,0.1
22733,0.1
22750,0.1
22754,0.1
22756,0.1
22758,0.1
22767,0.1
22768,0.1
22769,0.1
22776,0.1
22778,0.1
22780,0.1
22789,0.1
22797,0.1
22799,0.1
22814,0.1
22818,0.1
22821,0.1
22823,0.1
22841,0.1
22847,0.1
22848,0.1
22862,0.1
22875,0.1
22877,0.1
22887,0.1
22892,0.1
22899,0.1
22901,0.1
22907,0.1
22909,0.1
22926,0.1
22927,0.1
22930,0.1
22934,0.1
22937,0.1
22939,0.1
22949,0.1
22951,0.1
22955,0.1
22965,0.1
22966,0.1
22968,0.1
22972,0.1
22975,0.1
22981,0.1
22988,0.1
22994,0.1
22996,0.1
23011,0.1
23028,0.1
23031,0.1
23035,0.1
23038,0.1
23042,0.1
23049,0.1
23051,0.1
23053,0.1
23057,0.1
23058,0.1
23063,0.1
23064,0.1
23067,0.1
23071,0.1
23075,0.1
23077,0.1
23090,0.1
23094,0.1
23097,0.1
23103,0.1
23107,0.1
23117,0.1
23122,0.1
23124,0.1
23126,0.1
23129,0.1
23136,0.1
23141,0.1
23142,0.1
23147,0.1
23154,0.1
23159,0.1
23165,0.1
23171,0.1
23173,0.1
23175,0.1
23179,0.1
23182,0.1
23185,0.1
23188,0.1
23189,0.1
23209,0.1
23214,0.1
23215,0.1
23233,0.1
23241,0.1
23252,0.1
23255,0.1
23263,0.1
23281,0.1
23282,0.1
23289,0.1
23292,0.1
23296,0.1
23297,0.1
23301,0.1
23302,0.1
23304,0.1
23309,0.1
23312,0.1
23316,0.1
23321,0.1
23342,0.1
23344,0.1
23350,0.1
23367,0.1
23368,0.1
23374,0.1
23387,0.1
23389,0.1
23399,0.1
23403,0.1
23406,0.1
23414,0.1
23415,0.1
23419,0.1
23436,0.1
23439,0.1
23444,0.1
23445,0.1
23455,0.1
23469,0.1
23472,0.1
23477,0.1
23478,0.1
23479,0.1
23487,0.1
23490,0.1
23491,0.1
23492,0.1
23494,0.1
23496,0.1
23497,0.1
23506,0.1
23515,0.1
23528,0.1
23532,0.1
23549,0.1
23551,0.1
23552,0.1
23555,0.1
23556,0.1
23564,0.1
23583,0.1
23592,0.1
23597,0.1
23601,0.1
23605,0.1
23615,0.1
23619,0.1
23621,0.1
23626,0.1
23635,0.1
23637,0.1
23640,0.1
23646,0.1
23655,0.1
23672,0.1
23673,0.1
23682,0.1
23683,0.1
23699,0.1
23704,0.1
23707,0.1
23713,0.1
23714,0.1
23716,0.1
23718,0.1
23721,0.1
23735,0.1
23737,0.1
23744,0.1
23749,0.1
23755,0.1
23769,0.1
23772,0.1
23773,0.1
23774,0.1
23779,0.1
23782,0.1
23793,0.1
23803,0.1
23828,0.1
23833,0.1
23834,0.1
23844,0.1
23845,0.1
23852,0.1
23855,0.1
23867,0.1
23872,0.1
23874,0.1
23880,0.1
23886,0.1
23898,0.1
23900,0.1
23903,0.1
23907,0.1
23908,0.1
23912,0.1
23916,0.1
23917,0.1
23918,0.1
23922,0.1
23928,0.1
23940,0.1
23944,0.1
23945,0.1
23951,0.1
23966,0.1
23970,0.1
23971,0.1
23976,0.1
23980,0.1
23987,0.1
23988,0.1
23993,0.1
23997,0.1
23998,0.1
23999,0.1
24010,0.1
24015,0.1
24023,0.1
24033,0.1
24046,0.1
24060,0.1
24062,0.1
24065,0.1
24070,0.1
24071,0.1
24073,0.1
24079,0.1
24082,0.1
24084,0.1
24089,0.1
24094,0.1
24100,0.1
24105,0.1
24106,0.1
24108,0.1
24111,0.1
24120,0.1
24125,0.1
24134,0.1
24140,0.1
24151,0.1
24153,0.1
24154,0.1
24161,0.1
24166,0.1
24170,0.1
24176,0.1
24182,0.1
24188,0.1
24190,0.1
24201,0.1
24211,0.1
24215,0.1
24216,0.1
24219,0.1
24222,0.1
24240,0.1
24243,0.1
24245,0.1
24251,0.1
24256,0.1
24258,0.1
24261,0.1
24263,0.1
24264,0.1
24266,0.1
24273,0.1
24278,0.1
24289,0.1
24292,0.1
24293,0.1
24298,0.1
24299,0.1
24303,0.1
24304,0.1
24305,0.1
24329,0.1
24341,0.1
24345,0.1
24353,0.1
24358,0.1
24364,0.1
24367,0.1
24370,0.1
24377,0.1
24380,0.1
24381,0.1
24387,0.1
24391,0.1
24409,0.1
24413,0.1
24416,0.1
24427,0.1
24439,0.1
24443,0.1
24448,0.1
24454,0.1
24455,0.1
24461,0.1
24464,0.1
24468,0.1
24469,0.1
24501,0.1
24508,0.1
24519,0.1
24520,0.1
24538,0.1
24540,0.1
24550,0.1
24552,0.1
24561,0.1
24577,0.1
24579,0.1
24580,0.1
24582,0.1
24591,0.1
24592,0.1
24599,0.1
24602,0.1
24606,0.1
24617,0.1
24619,0.1
24630,0.1
24633,0.1
24634,0.1
24638,0.1
24641,0.1
24644,0.1
24645,0.1
24656,0.1
24661,0.1
24663,0.1
24667,0.1
24669,0.1
24682,0.1
24698,0.1
24699,0.1
24702,0.1
24703,0.1
24717,0.1
24724,0.1
24731,0.1
24737,0.1
24740,0.1
24743,0.1
24744,0.1
24755,0.1
24757,0.1
24765,0.1
24766,0.1
24776,0.1
24787,0.1
24789,0.1
24791,0.1
24792,0.1
24804,0.1
24812,0.1
24816,0.1
24817,0.1
24820,0.1
24828,0.1
24832,0.1
24836,0.1
24842,0.1
24846,0.1
24847,0.1
24848,0.1
24851,0.1
24855,0.1
24856,0.1
24871,0.1
24874,0.1
24877,0.1
24889,0.1
24897,0.1
24899,0.1
24908,0.1
24913,0.1
24923,0.1
24933,0.1
24971,0.1
24973,0.1
24993,0.1
24998,0.1
25000,0.1
25001,0.1
25002,0.1
25003,0.1
25009,0.1
25024,0.1
25026,0.1
25027,0.1
25034,0.1
25050,0.1
25057,0.1
25067,0.1
25075,0.1
25081,0.1
25085,0.1
25093,0.1
25097,0.1
25103,0.1
25104,0.1
25109,0.1
25112,0.1
25113,0.1
25114,0.1
25119,0.1
25121,0.1
25122,0.1
25124,0.1
25131,0.1
25134,0.1
25144,0.1
25147,0.1
25148,0.1
25149,0.1
25155,0.1
25169,0.1
25177,0.1
25178,0.1
25179,0.1
25180,0.1
25191,0.1
25199,0.1
25232,0.1
25241,0.1
25242,0.1
25243,0.1
25246,0.1
25259,0.1
25265,0.1
25278,0.1
25280,0.1
25284,0.1
25286,0.1
25288,0.1
25318,0.1
25330,0.1
25333,0.1
25339,0.1
25340,0.1
25346,0.1
25349,0.1
25351,0.1
25361,0.1
25366,0.1
25368,0.1
25369,0.1
25370,0.1
25375,0.1
25376,0.1
25377,0.1
25379,0.1
25382,0.1
25386,0.1
25389,0.1
25399,0.1
25400,0.1
25401,0.1
25407,0.1
25409,0.1
25412,0.1
25416,0.1
25418,0.1
25423,0.1
25436,0.1
25439,0.1
25442,0.1
25445,0.1
25446,0.1
25453,0.1
25456,0.1
25458,0.1
25460,0.1
25461,0.1
25468,0.1
25470,0.1
25471,0.1
25482,0.1
25501,0.1
25504,0.1
25515,0.1
25518,0.1
25528,0.1
25533,0.1
25543,0.1
25548,0.1
25564,0.1
25572,0.1
25576,0.1
25577,0.1
25587,0.1
25591,0.1
25596,0.1
25598,0.1
25617,0.1
25618,0.1
25620,0.1
25623,0.1
25626,0.1
25628,0.1
25633,0.1
25637,0.1
25644,0.1
25662,0.1
25663,0.1
25673,0.1
25678,0.1
25685,0.1
25691,0.1
25706,0.1
25707,0.1
25723,0.1
25725,0.1
25735,0.1
25740,0.1
25759,0.1
25761,0.1
25769,0.1
25774,0.1
25779,0.1
25781,0.1
25784,0.1
25790,0.1
25796,0.1
25816,0.1
25847,0.1
25850,0.1
25852,0.1
25856,0.1
25866,0.1
25867,0.1
25868,0.1
25869,0.1
25877,0.1
25878,0.1
25890,0.1
25898,0.1
25899,0.1
25906,0.1
25907,0.1
25915,0.1
25932,0.1
25939,0.1
25946,0.1
25951,0.1
25959,0.1
25961,0.1
25964,0.1
25969,0.1
25980,0.1
25986,0.1
25992,0.1
25998,0.1
26000,0.1
26006,0.1
26009,0.1
26016,0.1
26023,0.1
26038,0.1
26041,0.1
26050,0.1
26051,0.1
26057,0.1
26060,0.1
26062,0.1
26067,0.1
26068,0.1
26072,0.1
26074,0.1
26075,0.1
26081,0.1
26108,0.1
26112,0.1
26113,0.1
26115,0.1
26122,0.1
26139,0.1
26162,0.1
26165,0.1
26173,0.1
26177,0.1
26179,0.1
26184,0.1
26190,0.1
26204,0.1
26205,0.1
26212,0.1
26215,0.1
26227,0.1
26232,0.1
26237,0.1
26246,0.1
26248,0.1
26249,0.1
26260,0.1
26263,0.1
26267,0.1
26269,0.1
26271,0.1
26273,0.1
26286,0.1
26297,0.1
26309,0.1
26313,0.1
26319,0.1
26329,0.1
26330,0.1
26333,0.1
26361,0.1
26366,0.1
26376,0.1
26378,0.1
26382,0.1
26389,0.1
26391,0.1
26401,0.1
26415,0.1
26419,0.1
26421,0.1
26422,0.1
26423,0.1
26424,0.1
26441,0.1
26442,0.1
26446,0.1
26447,0.1
26448,0.1
26451,0.1
26459,0.1
26465,0.1
26476,0.1
26481,0.1
26487,0.1
26501,0.1
26513,0.1
26517,0.1
26527,0.1
26534,0.1
26535,0.1
26545,0.1
26550,0.1
26558,0.1
26571,0.1
26573,0.1
26575,0.1
26578,0.1
26583,0.1
26590,0.1
26593,0.1
26602,0.1
26606,0.1
26613,0.1
26615,0.1
26618,0.1
26628,0.1
26630,0.1
26635,0.1
26645,0.1
26648,0.1
26651,0.1
26660,0.1
26663,0.1
26664,0.1
26665,0.1
26673,0.1
26675,0.1
26676,0.1
26677,0.1
26679,0.1
26687,0.1
26689,0.1
26697,0.1
26737,0.1
26747,0.1
26748,0.1
26749,0.1
26754,0.1
26759,0.1
26760,0.1
26765,0.1
26769,0.1
26771,0.1
26776,0.1
26778,0.1
26780,0.1
26783,0.1
26785,0.1
26800,0.1
26804,0.1
26812,0.1
26816,0.1
26823,0.1
26834,0.1
26836,0.1
26841,0.1
26845,0.1
26849,0.1
26854,0.1
26858,0.1
26860,0.1
26866,0.1
26871,0.1
26873,0.1
26905,0.1
26907,0.1
26920,0.1
26924,0.1
26930,0.1
26942,0.1
26944,0.1
26949,0.1
26952,0.1
26956,0.1
26973,0.1
26977,0.1
26993,0.1
26997,0.1
26999,0.1
27021,0.1
27023,0.1
27025,0.1
27027,0.1
27032,0.1
27034,0.1
27036,0.1
27045,0.1
27050,0.1
27051,0.1
27055,0.1
27056,0.1
27060,0.1
27061,0.1
27066,0.1
27070,0.1
27073,0.1
27077,0.1
27085,0.1
27086,0.1
27099,0.1
27105,0.1
27109,0.1
27125,0.1
27135,0.1
27139,0.1
27140,0.1
27141,0.1
27142,0.1
27144,0.1
27148,0.1
27154,0.1
27162,0.1
27175,0.1
27176,0.1
27178,0.1
27197,0.1
27204,0.1
27205,0.1
27206,0.1
27207,0.1
27216,0.1
27230,0.1
27234,0.1
27241,0.1
27249,0.1
27251,0.1
27252,0.1
27256,0.1
27257,0.1
27263,0.1
27268,0.1
27269,0.1
27276,0.1
27279,0.1
27288,0.1
27295,0.1
27299,0.1
27302,0.1
27304,0.1
27316,0.1
27318,0.1
27330,0.1
27333,0.1
27335,0.1
27339,0.1
27341,0.1
27342,0.1
27345,0.1
27347,0.1
27354,0.1
27361,0.1
27375,0.1
27387,0.1
27390,0.1
27392,0.1
27399,0.1
27403,0.1
27410,0.1
27423,0.1
27429,0.1
27432,0.1
27436,0.1
27437,0.1
27441,0.1
27444,0.1
27445,0.1
27448,0.1
27454,0.1
27459,0.1
27465,0.1
27478,0.1
27479,0.1
27481,0.1
27483,0.1
27486,0.1
27498,0.1
27505,0.1
27507,0.1
27509,0.1
27514,0.1
27527,0.1
27535,0.1
27544,0.1
27545,0.1
27556,0.1
27563,0.1
27569,0.1
27585,0.1
27589,0.1
27605,0.1
27608,0.1
27609,0.1
27611,0.1
27621,0.1
27626,0.1
27629,0.1
27645,0.1
27651,0.1
27654,0.1
27656,0.1
27663,0.1
27673,0.1
27677,0.1
27678,0.1
27680,0.1
27681,0.1
27684,0.1
27688,0.1
27706,0.1
27709,0.1
27720,0.1
27722,0.1
27733,0.1
27734,0.1
27739,0.1
27746,0.1
27751,0.1
27755,0.1
27777,0.1
27783,0.1
27795,0.1
27805,0.1
27811,0.1
27815,0.1
27823,0.1
27856,0.1
27873,0.1
27883,0.1
27885,0.1
27887,0.1
27899,0.1
27921,0.1
27924,0.1
27927,0.1
27929,0.1
27932,0.1
27943,0.1
27945,0.1
27952,0.1
27957,0.1
27960,0.1
27966,0.1
27968,0.1
27980,0.1
27984,0.1
27994,0.1
27995,0.1
28002,0.1
28004,0.1
28006,0.1
28028,0.1
28042,0.1
28043,0.1
28055,0.1
28061,0.1
28063,0.1
28077,0.1
28090,0.1
28093,0.1
28095,0.1
28096,0.1
28098,0.1
28099,0.1
28111,0.1
28115,0.1
28123,0.1
28125,0.1
28126,0.1
28129,0.1
28131,0.1
28139,0.1
28146,0.1
28153,0.1
28155,0.1
28160,0.1
28166,0.1
28167,0.1
28176,0.1
28185,0.1
28187,0.1
28195,0.1
28203,0.1
28206,0.1
28209,0.1
28210,0.1
28211,0.1
28216,0.1
28234,0.1
28235,0.1
28248,0.1
28255,0.1
28266,0.1
28277,0.1
28286,0.1
28288,0.1
28289,0.1
28290,0.1
28296,0.1
28300,0.1
28306,0.1
28307,0.1
28309,0.1
28327,0.1
28336,0.1
28345,0.1
28355,0.1
28361,0.1
28362,0.1
28374,0.1
28380,0.1
28381,0.1
28393,0.1
28394,0.1
28405,0.1
28413,0.1
28426,0.1
28428,0.1
28429,0.1
28442,0.1
28445,0.1
28457,0.1
28459,0.1
28462,0.1
28478,0.1
28490,0.1
28492,0.1
28499,0.1
28500,0.1
28506,0.1
28509,0.1
28513,0.1
28516,0.1
28519,0.1
28526,0.1
28527,0.1
28528,0.1
28533,0.1
28547,0.1
28551,0.1
28563,0.1
28566,0.1
28568,0.1
28580,0.1
28589,0.1
28590,0.1
28606,0.1
28613,0.1
28615,0.1
28619,0.1
28629,0.1
28633,0.1
28635,0.1
28646,0.1
28648,0.1
28651,0.1
28660,0.1
28681,0.1
28693,0.1
28696,0.1
28703,0.1
28709,0.1
28712,0.1
28718,0.1
28719,0.1
28727,0.1
28730,0.1
28732,0.1
28740,0.1
28747,0.1
28752,0.1
28757,0.1
28764,0.1
28765,0.1
28770,0.1
28772,0.1
28783,0.1
28786,0.1
28796,0.1
28799,0.1
28806,0.1
28807,0.1
28815,0.1
28818,0.1
28823,0.1
28824,0.1
28831,0.1
28834,0.1
28841,0.1
28848,0.1
28882,0.1
28884,0.1
28904,0.1
28907,0.1
28919,0.1
28920,0.1
28928,0.1
28935,0.1
28936,0.1
28945,0.1
28950,0.1
28957,0.1
28963,0.1
28974,0.1
28980,0.1
28988,0.1
28999,0.1
29001,0.1
29004,0.1
29006,0.1
29012,0.1
29018,0.1
29027,0.1
29030,0.1
29032,0.1
29039,0.1
29043,0.1
29056,0.1
29064,0.1
29068,0.1
29069,0.1
29074,0.1
29076,0.1
29085,0.1
29088,0.1
29091,0.1
29092,0.1
29093,0.1
29094,0.1
29108,0.1
29114,0.1
29115,0.1
29118,0.1
29125,0.1
29127,0.1
29150,0.1
29152,0.1
29155,0.1
29165,0.1
29167,0.1
29174,0.1
29180,0.1
29185,0.1
29190,0.1
29192,0.1
29194,0.1
29220,0.1
29231,0.1
29237,0.1
29240,0.1
29247,0.1
29256,0.1
29275,0.1
29278,0.1
29280,0.1
29286,0.1
29288,0.1
29305,0.1
29327,0.1
29329,0.1
29333,0.1
29335,0.1
29342,0.1
29344,0.1
29353,0.1
29358,0.1
29373,0.1
29392,0.1
29393,0.1
29395,0.1
29403,0.1
29405,0.1
29410,0.1
29423,0.1
29427,0.1
29429,0.1
29432,0.1
29440,0.1
29447,0.1
29448,0.1
29452,0.1
29455,0.1
29461,0.1
29466,0.1
29474,0.1
29476,0.1
29486,0.1
29494,0.1
29497,0.1
29505,0.1
29511,0.1
29516,0.1
29522,0.1
29523,0.1
29524,0.1
29529,0.1
29533,0.1
29535,0.1
29548,0.1
29551,0.1
29563,0.1
29574,0.1
29575,0.1
29592,0.1
29599,0.1
29608,0.1
29613,0.1
29620,0.1
29630,0.1
29637,0.1
29638,0.1
29643,0.1
29648,0.1
29657,0.1
29659,0.1
29662,0.1
29665,0.1
29699,0.1
29706,0.1
29715,0.1
29716,0.1
29717,0.1
29721,0.1
29731,0.1
29735,0.1
29739,0.1
29742,0.1
29747,0.1
29749,0.1
29754,0.1
29773,0.1
29777,0.1
29779,0.1
29783,0.1
29786,0.1
29805,0.1
29811,0.1
29812,0.1
29815,0.1
29819,0.1
29833,0.1
29847,0.1
29854,0.1
29856,0.1
29859,0.1
29864,0.1
29865,0.1
29867,0.1
29885,0.1
29894,0.1
29900,0.1
29910,0.1
29928,0.1
29942,0.1
29951,0.1
29953,0.1
29962,0.1
29968,0.1
29974,0.1
29980,0.1
29987,0.1
29993,0.1
30001,0.1
30005,0.1
30015,0.1
30034,0.1
30041,0.1
30044,0.1
30058,0.1
30061,0.1
30064,0.1
30065,0.1
30069,0.1
30074,0.1
30076,0.1
30080,0.1
30086,0.1
30087,0.1
30092,0.1
30093,0.1
30096,0.1
30097,0.1
30098,0.1
30102,0.1
30106,0.1
30110,0.1
30111,0.1
30122,0.1
30128,0.1
30130,0.1
30131,0.1
30132,0.1
30135,0.1
30137,0.1
30157,0.1
30158,0.1
30162,0.1
30170,0.1
30174,0.1
30195,0.1
30196,0.1
30204,0.1
30207,0.1
30209,0.1
30212,0.1
30221,0.1
30225,0.1
30229,0.1
30231,0.1
30233,0.1
30237,0.1
30239,0.1
30242,0.1
30244,0.1
30249,0.1
30262,0.1
30286,0.1
30292,0.1
30303,0.1
30320,0.1
30322,0.1
30355,0.1
30356,0.1
30372,0.1
30375,0.1
30379,0.1
30384,0.1
30386,0.1
30394,0.1
30395,0.1
30396,0.1
30397,0.1
30402,0.1
30413,0.1
30416,0.1
30420,0.1
30422,0.1
30432,0.1
30434,0.1
30438,0.1
30444,0.1
30446,0.1
30455,0.1
30457,0.1
30459,0.1
30463,0.1
30468,0.1
30477,0.1
30478,0.1
30481,0.1
30482,0.1
30487,0.1
30491,0.1
30496,0.1
30501,0.1
30506,0.1
30511,0.1
30513,0.1
30516,0.1
30520,0.1
30531,0.1
30542,0.1
30555,0.1
30557,0.1
30568,0.1
30570,0.1
30584,0.1
30594,0.1
30614,0.1
30617,0.1
30618,0.1
30631,0.1
30632,0.1
30634,0.1
30636,0.1
30637,0.1
30639,0.1
30647,0.1
30649,0.1
30656,0.1
30660,0.1
30665,0.1
30669,0.1
30681,0.1
30683,0.1
30687,0.1
30694,0.1
